StartDate,EndDate,Status,IPAddress,Progress,Duration__in_seconds,Finished,RecordedDate,ResponseId,RecipientLastName,RecipientFirstName,RecipientEmail,ExternalReference,LocationLatitude,LocationLongitude,DistributionChannel,UserLanguage,IC,AgeG,Timer_1_Vignette_First_Click,Timer_1_Vignette_Last_Click,Timer_1_Vignette_Page_Submit,Timer_1_Vignette_Click_Count,AC1,Ch_LoEf_1,Ch_LoEf_2,Ch_LoEf_3,Ch_LoEf_4,Ch_LoEf_5,Ch_LoEf_6,Ch_LoEf_7,Ch_LoEf_8,Ch_LoEf_9,Ch_LoEf_10,Ch_LoEf_11,Ch_LoEf_12,Ch_LoEf_13,Ch_LoEf_14,Ch_LoEf_15,Ch_HiEf_1,Ch_HiEf_2,Ch_HiEf_3,Ch_HiEf_4,Ch_HiEf_5,Ch_HiEf_6,Ch_HiEf_7,Ch_HiEf_8,Ch_HiEf_9,Ch_HiEf_10,Ch_HiEf_11,Ch_HiEf_12,Ch_HiEf_13,Ch_HiEf_14,Ch_HiEf_15,Ef_LoEf,Ef_HiEf,Qu_LoEf,Qu_HiEf,Dif_LoEf,Dif_HiEf,Val_LoEf,Val_HiEf,AC2,Sal_LoEf_1,Sal_HiEf_1,FW1,FW2,FW3,FW4,FW5,FW6,Age,Gen,Gen_4_TEXT,Nat,Edu,Lad,FB
2024-03-06 02:44:47,2024-03-06 02:44:47,2,,100,0,1,2024-03-06 02:44:47,R_5thpetQ0nKEMZuu,,,,,,,test,,1,3,,,,,,,,,,,,,,,,,,,,,,,,,,,,,,,,,,,,,,,,,,,,,,,,,,,,,,,,,,,
2024-03-06 02:44:47,2024-03-06 02:44:47,2,,100,0,1,2024-03-06 02:44:47,R_23oUWwsA5qb0OZo,,,,,,,test,,1,1,,,,,,,,,,,,,,,,,,,,,,,,,,,,,,,,,,,,,,,,,,,,,,,,,,,,,,,,,,,
2024-03-06 02:44:47,2024-03-06 02:44:47,2,,100,0,1,2024-03-06 02:44:48,R_38IdcbeqhB5uzAi,,,,,,,test,,1,2,,,,,,,,,,,,,,,,,,,,,,,,,,,,,,,,,,,,,,,,,,,,,,,,,,,,,,,,,,,
2024-03-06 02:44:48,2024-03-06 02:44:48,2,,100,0,1,2024-03-06 02:44:48,R_1RCHOKHB3dDaa1M,,,,,,,test,,1,3,,,,,,,,,,,,,,,,,,,,,,,,,,,,,,,,,,,,,,,,,,,,,,,,,,,,,,,,,,,
2024-03-06 02:44:48,2024-03-06 02:44:48,2,,100,0,1,2024-03-06 02:44:48,R_dogKgSFKD9xTUmG,,,,,,,test,,1,2,,,,,,,,,,,,,,,,,,,,,,,,,,,,,,,,,,,,,,,,,,,,,,,,,,,,,,,,,,,
2024-03-06 02:44:48,2024-03-06 02:44:48,2,,100,0,1,2024-03-06 02:44:48,R_empS4EipEPZcp9Q,,,,,,,test,,1,3,,,,,,,,,,,,,,,,,,,,,,,,,,,,,,,,,,,,,,,,,,,,,,,,,,,,,,,,,,,
2024-03-06 02:44:51,2024-03-06 02:44:51,2,,100,0,1,2024-03-06 02:44:51,R_2lvMAUKRHyLCPbw,,,,,,,test,,1,3,,,,,,,,,,,,,,,,,,,,,,,,,,,,,,,,,,,,,,,,,,,,,,,,,,,,,,,,,,,
2024-03-06 02:44:51,2024-03-06 02:44:51,2,,100,0,1,2024-03-06 02:44:51,R_6fLZDDOSA8bA2vY,,,,,,,test,,1,2,,,,,,,,,,,,,,,,,,,,,,,,,,,,,,,,,,,,,,,,,,,,,,,,,,,,,,,,,,,
2024-03-06 02:44:51,2024-03-06 02:44:51,2,,100,0,1,2024-03-06 02:44:51,R_2h1v9U0FhtlhLjo,,,,,,,test,,1,1,,,,,,,,,,,,,,,,,,,,,,,,,,,,,,,,,,,,,,,,,,,,,,,,,,,,,,,,,,,
2024-03-06 02:44:51,2024-03-06 02:44:51,2,,100,0,1,2024-03-06 02:44:52,R_9AiEaGXlULektoO,,,,,,,test,,1,2,,,,,,,,,,,,,,,,,,,,,,,,,,,,,,,,,,,,,,,,,,,,,,,,,,,,,,,,,,,
2024-03-06 02:44:52,2024-03-06 02:44:52,2,,100,0,1,2024-03-06 02:44:52,R_6WlfPPw8AQMDyPI,,,,,,,test,,1,1,,,,,,,,,,,,,,,,,,,,,,,,,,,,,,,,,,,,,,,,,,,,,,,,,,,,,,,,,,,
2024-03-06 02:44:52,2024-03-06 02:44:52,2,,100,0,1,2024-03-06 02:44:52,R_5v6oPmVwpkB5vsG,,,,,,,test,,1,2,,,,,,,,,,,,,,,,,,,,,,,,,,,,,,,,,,,,,,,,,,,,,,,,,,,,,,,,,,,
2024-03-06 02:44:52,2024-03-06 02:44:52,2,,100,0,1,2024-03-06 02:44:52,R_6E9L7ajZWyABH7w,,,,,,,test,,1,2,,,,,,,,,,,,,,,,,,,,,,,,,,,,,,,,,,,,,,,,,,,,,,,,,,,,,,,,,,,
2024-03-06 02:44:52,2024-03-06 02:44:53,2,,100,1,1,2024-03-06 02:44:53,R_4GEKfu5sGJ5WzPg,,,,,,,test,,1,1,,,,,,,,,,,,,,,,,,,,,,,,,,,,,,,,,,,,,,,,,,,,,,,,,,,,,,,,,,,
2024-03-06 02:44:53,2024-03-06 02:44:53,2,,100,0,1,2024-03-06 02:44:53,R_6XVl1Jbssf3BG6i,,,,,,,test,,1,4,,,,,,,,,,,,,,,,,,,,,,,,,,,,,,,,,,,,,,,,,,,,,,,,,,,,,,,,,,,
2024-03-06 02:44:53,2024-03-06 02:44:53,2,,100,0,1,2024-03-06 02:44:53,R_268aml7bucjcXpc,,,,,,,test,,1,4,,,,,,,,,,,,,,,,,,,,,,,,,,,,,,,,,,,,,,,,,,,,,,,,,,,,,,,,,,,
2024-03-06 02:44:53,2024-03-06 02:44:53,2,,100,0,1,2024-03-06 02:44:53,R_ba8f4gX7rPDrF0W,,,,,,,test,,1,4,,,,,,,,,,,,,,,,,,,,,,,,,,,,,,,,,,,,,,,,,,,,,,,,,,,,,,,,,,,
2024-03-06 02:44:54,2024-03-06 02:44:54,2,,100,0,1,2024-03-06 02:44:54,R_brysf6kZrd7MLt4,,,,,,,test,,1,1,,,,,,,,,,,,,,,,,,,,,,,,,,,,,,,,,,,,,,,,,,,,,,,,,,,,,,,,,,,
2024-03-06 02:44:54,2024-03-06 02:44:54,2,,100,0,1,2024-03-06 02:44:54,R_b1uIk1j9lGkLCaa,,,,,,,test,,1,2,,,,,,,,,,,,,,,,,,,,,,,,,,,,,,,,,,,,,,,,,,,,,,,,,,,,,,,,,,,
2024-03-06 02:44:54,2024-03-06 02:44:54,2,,100,0,1,2024-03-06 02:44:54,R_3LazLqdIcteeWaO,,,,,,,test,,1,3,,,,,,,,,,,,,,,,,,,,,,,,,,,,,,,,,,,,,,,,,,,,,,,,,,,,,,,,,,,
2024-03-06 02:44:54,2024-03-06 02:44:54,2,,100,0,1,2024-03-06 02:44:54,R_0CD8QtXKkCcEK7I,,,,,,,test,,1,3,,,,,,,,,,,,,,,,,,,,,,,,,,,,,,,,,,,,,,,,,,,,,,,,,,,,,,,,,,,
2024-03-06 02:44:55,2024-03-06 02:44:55,2,,100,0,1,2024-03-06 02:44:55,R_eYdtiRv7nASIGZE,,,,,,,test,,1,2,,,,,,,,,,,,,,,,,,,,,,,,,,,,,,,,,,,,,,,,,,,,,,,,,,,,,,,,,,,
2024-03-06 02:44:55,2024-03-06 02:44:55,2,,100,0,1,2024-03-06 02:44:55,R_38k3efprReiTCXc,,,,,,,test,,1,4,,,,,,,,,,,,,,,,,,,,,,,,,,,,,,,,,,,,,,,,,,,,,,,,,,,,,,,,,,,
2024-03-06 02:44:55,2024-03-06 02:44:55,2,,100,0,1,2024-03-06 02:44:55,R_eWAz5YaCIw7UcD4,,,,,,,test,,1,4,,,,,,,,,,,,,,,,,,,,,,,,,,,,,,,,,,,,,,,,,,,,,,,,,,,,,,,,,,,
2024-03-06 02:44:55,2024-03-06 02:44:55,2,,100,0,1,2024-03-06 02:44:56,R_e4IGTmzHdaCTeZM,,,,,,,test,,1,1,,,,,,,,,,,,,,,,,,,,,,,,,,,,,,,,,,,,,,,,,,,,,,,,,,,,,,,,,,,
2024-03-06 02:44:56,2024-03-06 02:44:56,2,,100,0,1,2024-03-06 02:44:56,R_bazVtafPFMjMxme,,,,,,,test,,1,2,,,,,,,,,,,,,,,,,,,,,,,,,,,,,,,,,,,,,,,,,,,,,,,,,,,,,,,,,,,
2024-03-06 02:44:56,2024-03-06 02:44:56,2,,100,0,1,2024-03-06 02:44:56,R_8o8NnDcN94nvCcu,,,,,,,test,,1,4,,,,,,,,,,,,,,,,,,,,,,,,,,,,,,,,,,,,,,,,,,,,,,,,,,,,,,,,,,,
2024-03-06 02:44:56,2024-03-06 02:44:56,2,,100,0,1,2024-03-06 02:44:56,R_3mDB9uyvTQVyQu2,,,,,,,test,,1,2,,,,,,,,,,,,,,,,,,,,,,,,,,,,,,,,,,,,,,,,,,,,,,,,,,,,,,,,,,,
2024-03-06 02:44:56,2024-03-06 02:44:56,2,,100,0,1,2024-03-06 02:44:57,R_3K1IbJCeTDpqpGC,,,,,,,test,,1,2,,,,,,,,,,,,,,,,,,,,,,,,,,,,,,,,,,,,,,,,,,,,,,,,,,,,,,,,,,,
2024-03-06 02:44:57,2024-03-06 02:44:57,2,,100,0,1,2024-03-06 02:44:57,R_9SQXtobrnlpgmGy,,,,,,,test,,1,4,,,,,,,,,,,,,,,,,,,,,,,,,,,,,,,,,,,,,,,,,,,,,,,,,,,,,,,,,,,
2024-03-06 02:44:57,2024-03-06 02:44:57,2,,100,0,1,2024-03-06 02:44:57,R_bl1zhlnaOikKNXU,,,,,,,test,,1,3,,,,,,,,,,,,,,,,,,,,,,,,,,,,,,,,,,,,,,,,,,,,,,,,,,,,,,,,,,,
2024-03-06 02:44:57,2024-03-06 02:44:57,2,,100,0,1,2024-03-06 02:44:57,R_6ybTbVS7kwqKvSm,,,,,,,test,,1,3,,,,,,,,,,,,,,,,,,,,,,,,,,,,,,,,,,,,,,,,,,,,,,,,,,,,,,,,,,,
2024-03-06 02:44:58,2024-03-06 02:44:58,2,,100,0,1,2024-03-06 02:44:58,R_80OLDoCXBtRULki,,,,,,,test,,1,3,,,,,,,,,,,,,,,,,,,,,,,,,,,,,,,,,,,,,,,,,,,,,,,,,,,,,,,,,,,
2024-03-06 02:44:58,2024-03-06 02:44:58,2,,100,0,1,2024-03-06 02:44:58,R_b2BcpMricbAvwNg,,,,,,,test,,1,4,,,,,,,,,,,,,,,,,,,,,,,,,,,,,,,,,,,,,,,,,,,,,,,,,,,,,,,,,,,
2024-03-06 02:44:58,2024-03-06 02:44:58,2,,100,0,1,2024-03-06 02:44:58,R_b2yg9toK09P1f4q,,,,,,,test,,1,1,,,,,,,,,,,,,,,,,,,,,,,,,,,,,,,,,,,,,,,,,,,,,,,,,,,,,,,,,,,
2024-03-06 02:44:58,2024-03-06 02:44:58,2,,100,0,1,2024-03-06 02:44:58,R_cCvKCwrpBupj3KK,,,,,,,test,,1,2,,,,,,,,,,,,,,,,,,,,,,,,,,,,,,,,,,,,,,,,,,,,,,,,,,,,,,,,,,,
2024-03-06 02:44:59,2024-03-06 02:44:59,2,,100,0,1,2024-03-06 02:44:59,R_6KC5AaznOvFXZ2e,,,,,,,test,,1,2,,,,,,,,,,,,,,,,,,,,,,,,,,,,,,,,,,,,,,,,,,,,,,,,,,,,,,,,,,,
2024-03-06 02:44:59,2024-03-06 02:44:59,2,,100,0,1,2024-03-06 02:44:59,R_eLGGd0BdA9hKVqC,,,,,,,test,,1,1,,,,,,,,,,,,,,,,,,,,,,,,,,,,,,,,,,,,,,,,,,,,,,,,,,,,,,,,,,,
2024-03-06 02:44:59,2024-03-06 02:44:59,2,,100,0,1,2024-03-06 02:44:59,R_41TwGbKQnF9ruzc,,,,,,,test,,1,3,,,,,,,,,,,,,,,,,,,,,,,,,,,,,,,,,,,,,,,,,,,,,,,,,,,,,,,,,,,
2024-03-06 02:44:59,2024-03-06 02:44:59,2,,100,0,1,2024-03-06 02:45:00,R_2h62O6X86SQih2C,,,,,,,test,,1,3,,,,,,,,,,,,,,,,,,,,,,,,,,,,,,,,,,,,,,,,,,,,,,,,,,,,,,,,,,,
2024-03-06 02:45:00,2024-03-06 02:45:00,2,,100,0,1,2024-03-06 02:45:00,R_eWNDkc3xBc7prNA,,,,,,,test,,1,4,,,,,,,,,,,,,,,,,,,,,,,,,,,,,,,,,,,,,,,,,,,,,,,,,,,,,,,,,,,
2024-03-06 02:45:00,2024-03-06 02:45:00,2,,100,0,1,2024-03-06 02:45:00,R_b48qs18LE7Va4mi,,,,,,,test,,1,3,,,,,,,,,,,,,,,,,,,,,,,,,,,,,,,,,,,,,,,,,,,,,,,,,,,,,,,,,,,
2024-03-06 02:45:00,2024-03-06 02:45:00,2,,100,0,1,2024-03-06 02:45:00,R_ekrJE9wCGX5SDFc,,,,,,,test,,1,1,,,,,,,,,,,,,,,,,,,,,,,,,,,,,,,,,,,,,,,,,,,,,,,,,,,,,,,,,,,
2024-03-06 02:45:01,2024-03-06 02:45:01,2,,100,0,1,2024-03-06 02:45:01,R_6fnluY3dK4l4V7g,,,,,,,test,,1,1,,,,,,,,,,,,,,,,,,,,,,,,,,,,,,,,,,,,,,,,,,,,,,,,,,,,,,,,,,,
2024-03-06 02:45:01,2024-03-06 02:45:01,2,,100,0,1,2024-03-06 02:45:01,R_7PUnRacTpecsTLU,,,,,,,test,,1,3,,,,,,,,,,,,,,,,,,,,,,,,,,,,,,,,,,,,,,,,,,,,,,,,,,,,,,,,,,,
2024-03-06 02:45:01,2024-03-06 02:45:01,2,,100,0,1,2024-03-06 02:45:01,R_d6YYbHItZjRIMdw,,,,,,,test,,1,4,,,,,,,,,,,,,,,,,,,,,,,,,,,,,,,,,,,,,,,,,,,,,,,,,,,,,,,,,,,
2024-03-06 02:45:01,2024-03-06 02:45:01,2,,100,0,1,2024-03-06 02:45:01,R_dh8qtKhW4uVGu9M,,,,,,,test,,1,3,,,,,,,,,,,,,,,,,,,,,,,,,,,,,,,,,,,,,,,,,,,,,,,,,,,,,,,,,,,
2024-03-06 02:45:02,2024-03-06 02:45:02,2,,100,0,1,2024-03-06 02:45:02,R_2auYkRXQ0qxIdb8,,,,,,,test,,1,2,,,,,,,,,,,,,,,,,,,,,,,,,,,,,,,,,,,,,,,,,,,,,,,,,,,,,,,,,,,
2024-03-06 02:45:02,2024-03-06 02:45:02,2,,100,0,1,2024-03-06 02:45:02,R_4Jli2XAm21fEkce,,,,,,,test,,1,2,,,,,,,,,,,,,,,,,,,,,,,,,,,,,,,,,,,,,,,,,,,,,,,,,,,,,,,,,,,
2024-03-06 02:45:02,2024-03-06 02:45:02,2,,100,0,1,2024-03-06 02:45:02,R_5aJh1KOM9nzGcVo,,,,,,,test,,1,3,,,,,,,,,,,,,,,,,,,,,,,,,,,,,,,,,,,,,,,,,,,,,,,,,,,,,,,,,,,
2024-03-06 02:45:03,2024-03-06 02:45:03,2,,100,0,1,2024-03-06 02:45:03,R_d5V6iZ1rSnCcqEu,,,,,,,test,,1,4,,,,,,,,,,,,,,,,,,,,,,,,,,,,,,,,,,,,,,,,,,,,,,,,,,,,,,,,,,,
2024-03-06 02:45:03,2024-03-06 02:45:03,2,,100,0,1,2024-03-06 02:45:03,R_8Cy9fMtwpNTrWrI,,,,,,,test,,1,1,,,,,,,,,,,,,,,,,,,,,,,,,,,,,,,,,,,,,,,,,,,,,,,,,,,,,,,,,,,
2024-03-06 02:45:03,2024-03-06 02:45:03,2,,100,0,1,2024-03-06 02:45:03,R_cZwKLOwyzjoptnU,,,,,,,test,,1,3,,,,,,,,,,,,,,,,,,,,,,,,,,,,,,,,,,,,,,,,,,,,,,,,,,,,,,,,,,,
2024-03-06 02:45:03,2024-03-06 02:45:03,2,,100,0,1,2024-03-06 02:45:03,R_4N2ZSXQveZfRKsK,,,,,,,test,,1,2,,,,,,,,,,,,,,,,,,,,,,,,,,,,,,,,,,,,,,,,,,,,,,,,,,,,,,,,,,,
2024-03-06 02:45:04,2024-03-06 02:45:04,2,,100,0,1,2024-03-06 02:45:04,R_7R1bQ4Y0sG8Z1gq,,,,,,,test,,1,3,,,,,,,,,,,,,,,,,,,,,,,,,,,,,,,,,,,,,,,,,,,,,,,,,,,,,,,,,,,
2024-03-06 02:45:04,2024-03-06 02:45:04,2,,100,0,1,2024-03-06 02:45:04,R_bfs6FU335vMbrqm,,,,,,,test,,1,1,,,,,,,,,,,,,,,,,,,,,,,,,,,,,,,,,,,,,,,,,,,,,,,,,,,,,,,,,,,
2024-03-06 02:45:04,2024-03-06 02:45:04,2,,100,0,1,2024-03-06 02:45:04,R_3PgKopDLlT204Gq,,,,,,,test,,1,2,,,,,,,,,,,,,,,,,,,,,,,,,,,,,,,,,,,,,,,,,,,,,,,,,,,,,,,,,,,
2024-03-06 02:45:05,2024-03-06 02:45:05,2,,100,0,1,2024-03-06 02:45:05,R_6A9yQwtwa0XfzBs,,,,,,,test,,1,2,,,,,,,,,,,,,,,,,,,,,,,,,,,,,,,,,,,,,,,,,,,,,,,,,,,,,,,,,,,
2024-03-06 02:45:05,2024-03-06 02:45:05,2,,100,0,1,2024-03-06 02:45:05,R_3OTHsRMpGwMKRZI,,,,,,,test,,1,1,,,,,,,,,,,,,,,,,,,,,,,,,,,,,,,,,,,,,,,,,,,,,,,,,,,,,,,,,,,
2024-03-06 02:45:05,2024-03-06 02:45:05,2,,100,0,1,2024-03-06 02:45:05,R_4MxZsK0goxD5D6u,,,,,,,test,,1,3,,,,,,,,,,,,,,,,,,,,,,,,,,,,,,,,,,,,,,,,,,,,,,,,,,,,,,,,,,,
2024-03-06 02:45:05,2024-03-06 02:45:05,2,,100,0,1,2024-03-06 02:45:05,R_9T7wgJCJRk1n1bg,,,,,,,test,,1,1,,,,,,,,,,,,,,,,,,,,,,,,,,,,,,,,,,,,,,,,,,,,,,,,,,,,,,,,,,,
2024-03-06 02:45:06,2024-03-06 02:45:06,2,,100,0,1,2024-03-06 02:45:06,R_6FMKEZgpGcVHzcG,,,,,,,test,,1,2,,,,,,,,,,,,,,,,,,,,,,,,,,,,,,,,,,,,,,,,,,,,,,,,,,,,,,,,,,,
2024-03-06 02:45:06,2024-03-06 02:45:06,2,,100,0,1,2024-03-06 02:45:06,R_4N5vUH9SrtaUg0m,,,,,,,test,,1,2,,,,,,,,,,,,,,,,,,,,,,,,,,,,,,,,,,,,,,,,,,,,,,,,,,,,,,,,,,,
2024-03-06 02:45:06,2024-03-06 02:45:06,2,,100,0,1,2024-03-06 02:45:06,R_0pqx910rqs2t3LM,,,,,,,test,,1,2,,,,,,,,,,,,,,,,,,,,,,,,,,,,,,,,,,,,,,,,,,,,,,,,,,,,,,,,,,,
2024-03-06 02:45:06,2024-03-06 02:45:06,2,,100,0,1,2024-03-06 02:45:07,R_brOEQgpuQQc4Oa2,,,,,,,test,,1,3,,,,,,,,,,,,,,,,,,,,,,,,,,,,,,,,,,,,,,,,,,,,,,,,,,,,,,,,,,,
2024-03-06 02:45:07,2024-03-06 02:45:07,2,,100,0,1,2024-03-06 02:45:07,R_diJSfttBNwR9hhI,,,,,,,test,,1,2,,,,,,,,,,,,,,,,,,,,,,,,,,,,,,,,,,,,,,,,,,,,,,,,,,,,,,,,,,,
2024-03-06 02:45:07,2024-03-06 02:45:07,2,,100,0,1,2024-03-06 02:45:07,R_djtSiHpwvb7IoTQ,,,,,,,test,,1,3,,,,,,,,,,,,,,,,,,,,,,,,,,,,,,,,,,,,,,,,,,,,,,,,,,,,,,,,,,,
2024-03-06 02:45:07,2024-03-06 02:45:07,2,,100,0,1,2024-03-06 02:45:07,R_5BlTmXzNYIwQNhk,,,,,,,test,,1,4,,,,,,,,,,,,,,,,,,,,,,,,,,,,,,,,,,,,,,,,,,,,,,,,,,,,,,,,,,,
2024-03-06 02:45:08,2024-03-06 02:45:08,2,,100,0,1,2024-03-06 02:45:08,R_7an00NFTHM8Z5To,,,,,,,test,,1,4,,,,,,,,,,,,,,,,,,,,,,,,,,,,,,,,,,,,,,,,,,,,,,,,,,,,,,,,,,,
2024-03-06 02:45:08,2024-03-06 02:45:08,2,,100,0,1,2024-03-06 02:45:08,R_8HOi6NtBDZnTwHk,,,,,,,test,,1,1,,,,,,,,,,,,,,,,,,,,,,,,,,,,,,,,,,,,,,,,,,,,,,,,,,,,,,,,,,,
2024-03-06 02:45:08,2024-03-06 02:45:08,2,,100,0,1,2024-03-06 02:45:08,R_0OPJ5iKzgXiqHSC,,,,,,,test,,1,4,,,,,,,,,,,,,,,,,,,,,,,,,,,,,,,,,,,,,,,,,,,,,,,,,,,,,,,,,,,
2024-03-06 02:45:08,2024-03-06 02:45:08,2,,100,0,1,2024-03-06 02:45:08,R_eM2xxaAavfJfXxQ,,,,,,,test,,1,3,,,,,,,,,,,,,,,,,,,,,,,,,,,,,,,,,,,,,,,,,,,,,,,,,,,,,,,,,,,
2024-03-06 02:45:09,2024-03-06 02:45:09,2,,100,0,1,2024-03-06 02:45:09,R_5bYnma3DfKmkzau,,,,,,,test,,1,1,,,,,,,,,,,,,,,,,,,,,,,,,,,,,,,,,,,,,,,,,,,,,,,,,,,,,,,,,,,
2024-03-06 02:45:09,2024-03-06 02:45:09,2,,100,0,1,2024-03-06 02:45:09,R_881lX5nPXB0bvr8,,,,,,,test,,1,1,,,,,,,,,,,,,,,,,,,,,,,,,,,,,,,,,,,,,,,,,,,,,,,,,,,,,,,,,,,
2024-03-06 02:45:09,2024-03-06 02:45:09,2,,100,0,1,2024-03-06 02:45:09,R_3ISx0jlJlnpG5Wm,,,,,,,test,,1,1,,,,,,,,,,,,,,,,,,,,,,,,,,,,,,,,,,,,,,,,,,,,,,,,,,,,,,,,,,,
2024-03-06 02:45:09,2024-03-06 02:45:09,2,,100,0,1,2024-03-06 02:45:10,R_3VQ65EsJwIZd13M,,,,,,,test,,1,3,,,,,,,,,,,,,,,,,,,,,,,,,,,,,,,,,,,,,,,,,,,,,,,,,,,,,,,,,,,
2024-03-06 02:45:10,2024-03-06 02:45:10,2,,100,0,1,2024-03-06 02:45:10,R_e3Q27dAiTPklYCW,,,,,,,test,,1,2,,,,,,,,,,,,,,,,,,,,,,,,,,,,,,,,,,,,,,,,,,,,,,,,,,,,,,,,,,,
2024-03-06 02:45:10,2024-03-06 02:45:10,2,,100,0,1,2024-03-06 02:45:10,R_3ORQ2869sOUWrsO,,,,,,,test,,1,4,,,,,,,,,,,,,,,,,,,,,,,,,,,,,,,,,,,,,,,,,,,,,,,,,,,,,,,,,,,
2024-03-06 02:45:10,2024-03-06 02:45:10,2,,100,0,1,2024-03-06 02:45:10,R_0BBVvCedLnPJJmC,,,,,,,test,,1,1,,,,,,,,,,,,,,,,,,,,,,,,,,,,,,,,,,,,,,,,,,,,,,,,,,,,,,,,,,,
2024-03-06 02:45:11,2024-03-06 02:45:11,2,,100,0,1,2024-03-06 02:45:11,R_6F2m7QsTMMta418,,,,,,,test,,1,3,,,,,,,,,,,,,,,,,,,,,,,,,,,,,,,,,,,,,,,,,,,,,,,,,,,,,,,,,,,
2024-03-06 02:45:11,2024-03-06 02:45:11,2,,100,0,1,2024-03-06 02:45:11,R_0SP8wuuslvscyBo,,,,,,,test,,1,4,,,,,,,,,,,,,,,,,,,,,,,,,,,,,,,,,,,,,,,,,,,,,,,,,,,,,,,,,,,
2024-03-06 02:45:11,2024-03-06 02:45:11,2,,100,0,1,2024-03-06 02:45:11,R_b3lYQKX8zgdvq5w,,,,,,,test,,1,4,,,,,,,,,,,,,,,,,,,,,,,,,,,,,,,,,,,,,,,,,,,,,,,,,,,,,,,,,,,
2024-03-06 02:45:11,2024-03-06 02:45:11,2,,100,0,1,2024-03-06 02:45:12,R_dgOkvK8DFZtwzR4,,,,,,,test,,1,1,,,,,,,,,,,,,,,,,,,,,,,,,,,,,,,,,,,,,,,,,,,,,,,,,,,,,,,,,,,
2024-03-06 02:45:12,2024-03-06 02:45:12,2,,100,0,1,2024-03-06 02:45:12,R_eSctU1wvauZisL4,,,,,,,test,,1,2,,,,,,,,,,,,,,,,,,,,,,,,,,,,,,,,,,,,,,,,,,,,,,,,,,,,,,,,,,,
2024-03-06 02:45:12,2024-03-06 02:45:12,2,,100,0,1,2024-03-06 02:45:12,R_e5MiB9XluaOffQq,,,,,,,test,,1,4,,,,,,,,,,,,,,,,,,,,,,,,,,,,,,,,,,,,,,,,,,,,,,,,,,,,,,,,,,,
2024-03-06 02:45:12,2024-03-06 02:45:12,2,,100,0,1,2024-03-06 02:45:12,R_3E2sF3shjjP4TTU,,,,,,,test,,1,2,,,,,,,,,,,,,,,,,,,,,,,,,,,,,,,,,,,,,,,,,,,,,,,,,,,,,,,,,,,
2024-03-06 02:45:13,2024-03-06 02:45:13,2,,100,0,1,2024-03-06 02:45:13,R_8xj6ql9I41ESpWS,,,,,,,test,,1,2,,,,,,,,,,,,,,,,,,,,,,,,,,,,,,,,,,,,,,,,,,,,,,,,,,,,,,,,,,,
2024-03-06 02:45:13,2024-03-06 02:45:13,2,,100,0,1,2024-03-06 02:45:13,R_1EOWcenn757yUei,,,,,,,test,,1,1,,,,,,,,,,,,,,,,,,,,,,,,,,,,,,,,,,,,,,,,,,,,,,,,,,,,,,,,,,,
2024-03-06 02:45:13,2024-03-06 02:45:13,2,,100,0,1,2024-03-06 02:45:13,R_8q3VeuyY557BVeC,,,,,,,test,,1,1,,,,,,,,,,,,,,,,,,,,,,,,,,,,,,,,,,,,,,,,,,,,,,,,,,,,,,,,,,,
2024-03-06 02:45:13,2024-03-06 02:45:13,2,,100,0,1,2024-03-06 02:45:13,R_aY2Yw79meuNyAFo,,,,,,,test,,1,2,,,,,,,,,,,,,,,,,,,,,,,,,,,,,,,,,,,,,,,,,,,,,,,,,,,,,,,,,,,
2024-03-06 02:45:14,2024-03-06 02:45:14,2,,100,0,1,2024-03-06 02:45:14,R_cU4aY2EWgQLMAfQ,,,,,,,test,,1,3,,,,,,,,,,,,,,,,,,,,,,,,,,,,,,,,,,,,,,,,,,,,,,,,,,,,,,,,,,,
2024-03-06 02:45:14,2024-03-06 02:45:14,2,,100,0,1,2024-03-06 02:45:14,R_24qRFEmwdgF2wFE,,,,,,,test,,1,2,,,,,,,,,,,,,,,,,,,,,,,,,,,,,,,,,,,,,,,,,,,,,,,,,,,,,,,,,,,
2024-03-06 02:45:14,2024-03-06 02:45:14,2,,100,0,1,2024-03-06 02:45:14,R_6QIslbBz0Gb5JZk,,,,,,,test,,1,3,,,,,,,,,,,,,,,,,,,,,,,,,,,,,,,,,,,,,,,,,,,,,,,,,,,,,,,,,,,
2024-03-06 02:45:14,2024-03-06 02:45:14,2,,100,0,1,2024-03-06 02:45:14,R_d9ZzoIU5BaidsQm,,,,,,,test,,1,3,,,,,,,,,,,,,,,,,,,,,,,,,,,,,,,,,,,,,,,,,,,,,,,,,,,,,,,,,,,
2024-03-06 02:45:15,2024-03-06 02:45:15,2,,100,0,1,2024-03-06 02:45:15,R_eVW2xWCLo2peA9U,,,,,,,test,,1,3,,,,,,,,,,,,,,,,,,,,,,,,,,,,,,,,,,,,,,,,,,,,,,,,,,,,,,,,,,,
2024-03-06 02:45:15,2024-03-06 02:45:15,2,,100,0,1,2024-03-06 02:45:15,R_0PAlc9n0MDwcANE,,,,,,,test,,1,1,,,,,,,,,,,,,,,,,,,,,,,,,,,,,,,,,,,,,,,,,,,,,,,,,,,,,,,,,,,
2024-03-06 02:45:15,2024-03-06 02:45:15,2,,100,0,1,2024-03-06 02:45:15,R_dnXQvsadm273wvY,,,,,,,test,,1,1,,,,,,,,,,,,,,,,,,,,,,,,,,,,,,,,,,,,,,,,,,,,,,,,,,,,,,,,,,,
2024-03-06 02:45:15,2024-03-06 02:45:16,2,,100,1,1,2024-03-06 02:45:16,R_3PlchxfNOzX8Fro,,,,,,,test,,1,4,,,,,,,,,,,,,,,,,,,,,,,,,,,,,,,,,,,,,,,,,,,,,,,,,,,,,,,,,,,
2024-03-06 02:45:16,2024-03-06 02:45:16,2,,100,0,1,2024-03-06 02:45:16,R_1LdpOgJG1LhakRg,,,,,,,test,,1,2,,,,,,,,,,,,,,,,,,,,,,,,,,,,,,,,,,,,,,,,,,,,,,,,,,,,,,,,,,,
2024-03-06 02:45:16,2024-03-06 02:45:16,2,,100,0,1,2024-03-06 02:45:16,R_8wvHnH3PPLzInUW,,,,,,,test,,1,1,,,,,,,,,,,,,,,,,,,,,,,,,,,,,,,,,,,,,,,,,,,,,,,,,,,,,,,,,,,
2024-03-06 02:45:16,2024-03-06 02:45:16,2,,100,0,1,2024-03-06 02:45:16,R_42Au5jdztwj87v8,,,,,,,test,,1,2,,,,,,,,,,,,,,,,,,,,,,,,,,,,,,,,,,,,,,,,,,,,,,,,,,,,,,,,,,,
2024-03-06 02:45:17,2024-03-06 02:45:17,2,,100,0,1,2024-03-06 02:45:17,R_50GVrnDi00KzrFQ,,,,,,,test,,1,3,,,,,,,,,,,,,,,,,,,,,,,,,,,,,,,,,,,,,,,,,,,,,,,,,,,,,,,,,,,
2024-03-06 02:45:17,2024-03-06 02:45:17,2,,100,0,1,2024-03-06 02:45:17,R_5nVomXoVfBSdAtE,,,,,,,test,,1,2,,,,,,,,,,,,,,,,,,,,,,,,,,,,,,,,,,,,,,,,,,,,,,,,,,,,,,,,,,,
2024-03-06 02:45:17,2024-03-06 02:45:17,2,,100,0,1,2024-03-06 02:45:17,R_d5npeJC0h0FZA7I,,,,,,,test,,1,4,,,,,,,,,,,,,,,,,,,,,,,,,,,,,,,,,,,,,,,,,,,,,,,,,,,,,,,,,,,
2024-03-06 02:45:17,2024-03-06 02:45:17,2,,100,0,1,2024-03-06 02:45:18,R_6ViKqqWz6GLgxf0,,,,,,,test,,1,1,,,,,,,,,,,,,,,,,,,,,,,,,,,,,,,,,,,,,,,,,,,,,,,,,,,,,,,,,,,
2024-03-06 02:45:18,2024-03-06 02:45:18,2,,100,0,1,2024-03-06 02:45:18,R_9EkPx13I7jo51Q2,,,,,,,test,,1,2,,,,,,,,,,,,,,,,,,,,,,,,,,,,,,,,,,,,,,,,,,,,,,,,,,,,,,,,,,,
2024-03-06 02:45:18,2024-03-06 02:45:18,2,,100,0,1,2024-03-06 02:45:18,R_3En130A3orMHnSu,,,,,,,test,,1,2,,,,,,,,,,,,,,,,,,,,,,,,,,,,,,,,,,,,,,,,,,,,,,,,,,,,,,,,,,,
2024-03-06 02:45:18,2024-03-06 02:45:18,2,,100,0,1,2024-03-06 02:45:18,R_cuqS9r0GzVqFSDk,,,,,,,test,,1,3,,,,,,,,,,,,,,,,,,,,,,,,,,,,,,,,,,,,,,,,,,,,,,,,,,,,,,,,,,,
2024-03-06 02:45:19,2024-03-06 02:45:19,2,,100,0,1,2024-03-06 02:45:19,R_4ZSWDioY0qMZz82,,,,,,,test,,1,2,,,,,,,,,,,,,,,,,,,,,,,,,,,,,,,,,,,,,,,,,,,,,,,,,,,,,,,,,,,
2024-03-06 02:45:20,2024-03-06 02:45:20,2,,100,0,1,2024-03-06 02:45:20,R_2njRo6WQ8DIt15A,,,,,,,test,,1,3,,,,,,,,,,,,,,,,,,,,,,,,,,,,,,,,,,,,,,,,,,,,,,,,,,,,,,,,,,,
2024-03-06 02:45:20,2024-03-06 02:45:20,2,,100,0,1,2024-03-06 02:45:20,R_8rikMpriPmgPGSO,,,,,,,test,,1,3,,,,,,,,,,,,,,,,,,,,,,,,,,,,,,,,,,,,,,,,,,,,,,,,,,,,,,,,,,,
2024-03-06 02:45:20,2024-03-06 02:45:20,2,,100,0,1,2024-03-06 02:45:21,R_bCnoehP3mtQT89w,,,,,,,test,,1,2,,,,,,,,,,,,,,,,,,,,,,,,,,,,,,,,,,,,,,,,,,,,,,,,,,,,,,,,,,,
2024-03-06 02:45:21,2024-03-06 02:45:21,2,,100,0,1,2024-03-06 02:45:21,R_8dKKCwNoWdKIgIe,,,,,,,test,,1,1,,,,,,,,,,,,,,,,,,,,,,,,,,,,,,,,,,,,,,,,,,,,,,,,,,,,,,,,,,,
2024-03-06 02:45:21,2024-03-06 02:45:21,2,,100,0,1,2024-03-06 02:45:21,R_0JpefwIdoEXFMns,,,,,,,test,,1,3,,,,,,,,,,,,,,,,,,,,,,,,,,,,,,,,,,,,,,,,,,,,,,,,,,,,,,,,,,,
2024-03-06 02:45:21,2024-03-06 02:45:21,2,,100,0,1,2024-03-06 02:45:21,R_88oChowUYr4H8rA,,,,,,,test,,1,1,,,,,,,,,,,,,,,,,,,,,,,,,,,,,,,,,,,,,,,,,,,,,,,,,,,,,,,,,,,
2024-03-06 02:45:22,2024-03-06 02:45:22,2,,100,0,1,2024-03-06 02:45:22,R_ddmk41U57p1gBkW,,,,,,,test,,1,4,,,,,,,,,,,,,,,,,,,,,,,,,,,,,,,,,,,,,,,,,,,,,,,,,,,,,,,,,,,
2024-03-06 02:45:22,2024-03-06 02:45:22,2,,100,0,1,2024-03-06 02:45:22,R_6rlyzqS2mIBS3DU,,,,,,,test,,1,3,,,,,,,,,,,,,,,,,,,,,,,,,,,,,,,,,,,,,,,,,,,,,,,,,,,,,,,,,,,
2024-03-06 02:45:22,2024-03-06 02:45:22,2,,100,0,1,2024-03-06 02:45:22,R_0uJ5D1VDzpFiGr4,,,,,,,test,,1,1,,,,,,,,,,,,,,,,,,,,,,,,,,,,,,,,,,,,,,,,,,,,,,,,,,,,,,,,,,,
2024-03-06 02:45:22,2024-03-06 02:45:22,2,,100,0,1,2024-03-06 02:45:23,R_eKauwJv2sw5fqNU,,,,,,,test,,1,3,,,,,,,,,,,,,,,,,,,,,,,,,,,,,,,,,,,,,,,,,,,,,,,,,,,,,,,,,,,
2024-03-06 02:45:23,2024-03-06 02:45:23,2,,100,0,1,2024-03-06 02:45:23,R_4GTov5Jh0sG6AGG,,,,,,,test,,1,1,,,,,,,,,,,,,,,,,,,,,,,,,,,,,,,,,,,,,,,,,,,,,,,,,,,,,,,,,,,
2024-03-06 02:45:23,2024-03-06 02:45:23,2,,100,0,1,2024-03-06 02:45:23,R_eRHGaI156VL62rA,,,,,,,test,,1,1,,,,,,,,,,,,,,,,,,,,,,,,,,,,,,,,,,,,,,,,,,,,,,,,,,,,,,,,,,,
2024-03-06 02:45:23,2024-03-06 02:45:23,2,,100,0,1,2024-03-06 02:45:23,R_aWxMVAFWh6oNOBw,,,,,,,test,,1,4,,,,,,,,,,,,,,,,,,,,,,,,,,,,,,,,,,,,,,,,,,,,,,,,,,,,,,,,,,,
2024-03-06 02:45:24,2024-03-06 02:45:24,2,,100,0,1,2024-03-06 02:45:24,R_8eRKmoWKZj8L49M,,,,,,,test,,1,2,,,,,,,,,,,,,,,,,,,,,,,,,,,,,,,,,,,,,,,,,,,,,,,,,,,,,,,,,,,
2024-03-06 02:45:24,2024-03-06 02:45:24,2,,100,0,1,2024-03-06 02:45:24,R_3QnGJQWZZRobzHo,,,,,,,test,,1,2,,,,,,,,,,,,,,,,,,,,,,,,,,,,,,,,,,,,,,,,,,,,,,,,,,,,,,,,,,,
2024-03-06 02:45:24,2024-03-06 02:45:24,2,,100,0,1,2024-03-06 02:45:24,R_a3KtLEszOHOF27A,,,,,,,test,,1,1,,,,,,,,,,,,,,,,,,,,,,,,,,,,,,,,,,,,,,,,,,,,,,,,,,,,,,,,,,,
2024-03-06 02:45:24,2024-03-06 02:45:24,2,,100,0,1,2024-03-06 02:45:24,R_6tyC6DkyT1nVWpo,,,,,,,test,,1,2,,,,,,,,,,,,,,,,,,,,,,,,,,,,,,,,,,,,,,,,,,,,,,,,,,,,,,,,,,,
2024-03-06 02:45:25,2024-03-06 02:45:25,2,,100,0,1,2024-03-06 02:45:25,R_3F48C735IqTuKR8,,,,,,,test,,1,4,,,,,,,,,,,,,,,,,,,,,,,,,,,,,,,,,,,,,,,,,,,,,,,,,,,,,,,,,,,
2024-03-06 02:45:25,2024-03-06 02:45:25,2,,100,0,1,2024-03-06 02:45:25,R_eQDU7j4isCVB4Ue,,,,,,,test,,1,4,,,,,,,,,,,,,,,,,,,,,,,,,,,,,,,,,,,,,,,,,,,,,,,,,,,,,,,,,,,
2024-03-06 02:45:25,2024-03-06 02:45:25,2,,100,0,1,2024-03-06 02:45:25,R_24cqazDp1objhhs,,,,,,,test,,1,2,,,,,,,,,,,,,,,,,,,,,,,,,,,,,,,,,,,,,,,,,,,,,,,,,,,,,,,,,,,
2024-03-06 02:45:26,2024-03-06 02:45:26,2,,100,0,1,2024-03-06 02:45:26,R_1Hq53TVbOctalsW,,,,,,,test,,1,1,,,,,,,,,,,,,,,,,,,,,,,,,,,,,,,,,,,,,,,,,,,,,,,,,,,,,,,,,,,
2024-03-06 02:45:26,2024-03-06 02:45:26,2,,100,0,1,2024-03-06 02:45:26,R_9oE5ogmcdKSfVBk,,,,,,,test,,1,1,,,,,,,,,,,,,,,,,,,,,,,,,,,,,,,,,,,,,,,,,,,,,,,,,,,,,,,,,,,
2024-03-06 02:45:26,2024-03-06 02:45:26,2,,100,0,1,2024-03-06 02:45:26,R_d0efiUTyXiKh4a2,,,,,,,test,,1,2,,,,,,,,,,,,,,,,,,,,,,,,,,,,,,,,,,,,,,,,,,,,,,,,,,,,,,,,,,,
2024-03-06 02:45:26,2024-03-06 02:45:26,2,,100,0,1,2024-03-06 02:45:26,R_cBDh7JVwvWFp48e,,,,,,,test,,1,4,,,,,,,,,,,,,,,,,,,,,,,,,,,,,,,,,,,,,,,,,,,,,,,,,,,,,,,,,,,
2024-03-06 02:45:27,2024-03-06 02:45:27,2,,100,0,1,2024-03-06 02:45:27,R_820uKuvwYV9Fjwy,,,,,,,test,,1,1,,,,,,,,,,,,,,,,,,,,,,,,,,,,,,,,,,,,,,,,,,,,,,,,,,,,,,,,,,,
2024-03-06 02:45:27,2024-03-06 02:45:27,2,,100,0,1,2024-03-06 02:45:27,R_8nNkGKLGqR7wuHA,,,,,,,test,,1,4,,,,,,,,,,,,,,,,,,,,,,,,,,,,,,,,,,,,,,,,,,,,,,,,,,,,,,,,,,,
2024-03-06 02:45:27,2024-03-06 02:45:27,2,,100,0,1,2024-03-06 02:45:27,R_8j3p4ZaxBQCzPNA,,,,,,,test,,1,4,,,,,,,,,,,,,,,,,,,,,,,,,,,,,,,,,,,,,,,,,,,,,,,,,,,,,,,,,,,
2024-03-06 02:45:28,2024-03-06 02:45:28,2,,100,0,1,2024-03-06 02:45:28,R_e41CNzdfH0uDOM6,,,,,,,test,,1,1,,,,,,,,,,,,,,,,,,,,,,,,,,,,,,,,,,,,,,,,,,,,,,,,,,,,,,,,,,,
2024-03-06 02:45:28,2024-03-06 02:45:28,2,,100,0,1,2024-03-06 02:45:28,R_1XEHN4WIQr14gPI,,,,,,,test,,1,2,,,,,,,,,,,,,,,,,,,,,,,,,,,,,,,,,,,,,,,,,,,,,,,,,,,,,,,,,,,
2024-03-06 02:45:28,2024-03-06 02:45:28,2,,100,0,1,2024-03-06 02:45:28,R_daPrTxoqi5ZW6uq,,,,,,,test,,1,4,,,,,,,,,,,,,,,,,,,,,,,,,,,,,,,,,,,,,,,,,,,,,,,,,,,,,,,,,,,
2024-03-06 02:45:28,2024-03-06 02:45:28,2,,100,0,1,2024-03-06 02:45:28,R_dm4rUulIQiaaXP0,,,,,,,test,,1,2,,,,,,,,,,,,,,,,,,,,,,,,,,,,,,,,,,,,,,,,,,,,,,,,,,,,,,,,,,,
2024-03-06 02:45:29,2024-03-06 02:45:29,2,,100,0,1,2024-03-06 02:45:29,R_daGFmwcAksYoq5U,,,,,,,test,,1,1,,,,,,,,,,,,,,,,,,,,,,,,,,,,,,,,,,,,,,,,,,,,,,,,,,,,,,,,,,,
2024-03-06 02:45:29,2024-03-06 02:45:29,2,,100,0,1,2024-03-06 02:45:29,R_1M5OkeRR720zWv4,,,,,,,test,,1,3,,,,,,,,,,,,,,,,,,,,,,,,,,,,,,,,,,,,,,,,,,,,,,,,,,,,,,,,,,,
2024-03-06 02:45:29,2024-03-06 02:45:29,2,,100,0,1,2024-03-06 02:45:29,R_7WF7izdMSKp7msu,,,,,,,test,,1,2,,,,,,,,,,,,,,,,,,,,,,,,,,,,,,,,,,,,,,,,,,,,,,,,,,,,,,,,,,,
2024-03-06 02:45:30,2024-03-06 02:45:30,2,,100,0,1,2024-03-06 02:45:30,R_8wSPfTsPDiFVltQ,,,,,,,test,,1,1,,,,,,,,,,,,,,,,,,,,,,,,,,,,,,,,,,,,,,,,,,,,,,,,,,,,,,,,,,,
2024-03-06 02:45:30,2024-03-06 02:45:30,2,,100,0,1,2024-03-06 02:45:30,R_0fGvxxGDDCF2x3o,,,,,,,test,,1,4,,,,,,,,,,,,,,,,,,,,,,,,,,,,,,,,,,,,,,,,,,,,,,,,,,,,,,,,,,,
2024-03-06 02:45:30,2024-03-06 02:45:30,2,,100,0,1,2024-03-06 02:45:30,R_aWsCxUPXftW6m3Q,,,,,,,test,,1,1,,,,,,,,,,,,,,,,,,,,,,,,,,,,,,,,,,,,,,,,,,,,,,,,,,,,,,,,,,,
2024-03-06 02:45:30,2024-03-06 02:45:30,2,,100,0,1,2024-03-06 02:45:31,R_erM74qIm3dz8HYi,,,,,,,test,,1,1,,,,,,,,,,,,,,,,,,,,,,,,,,,,,,,,,,,,,,,,,,,,,,,,,,,,,,,,,,,
2024-03-06 02:45:31,2024-03-06 02:45:31,2,,100,0,1,2024-03-06 02:45:31,R_3KqE0MlbexYSkJM,,,,,,,test,,1,4,,,,,,,,,,,,,,,,,,,,,,,,,,,,,,,,,,,,,,,,,,,,,,,,,,,,,,,,,,,
2024-03-06 02:45:31,2024-03-06 02:45:31,2,,100,0,1,2024-03-06 02:45:31,R_6YfFb9Dd4qMNcTs,,,,,,,test,,1,1,,,,,,,,,,,,,,,,,,,,,,,,,,,,,,,,,,,,,,,,,,,,,,,,,,,,,,,,,,,
2024-03-06 02:45:31,2024-03-06 02:45:31,2,,100,0,1,2024-03-06 02:45:31,R_9tQ6CW1WSdEx4ou,,,,,,,test,,1,2,,,,,,,,,,,,,,,,,,,,,,,,,,,,,,,,,,,,,,,,,,,,,,,,,,,,,,,,,,,
2024-03-06 02:45:32,2024-03-06 02:45:32,2,,100,0,1,2024-03-06 02:45:32,R_80MwhVGXlDcKImy,,,,,,,test,,1,4,,,,,,,,,,,,,,,,,,,,,,,,,,,,,,,,,,,,,,,,,,,,,,,,,,,,,,,,,,,
2024-03-06 02:45:32,2024-03-06 02:45:32,2,,100,0,1,2024-03-06 02:45:32,R_56LikG1qsOwRoVg,,,,,,,test,,1,4,,,,,,,,,,,,,,,,,,,,,,,,,,,,,,,,,,,,,,,,,,,,,,,,,,,,,,,,,,,
2024-03-06 02:45:32,2024-03-06 02:45:32,2,,100,0,1,2024-03-06 02:45:32,R_eRNlo8axI7VV3ka,,,,,,,test,,1,3,,,,,,,,,,,,,,,,,,,,,,,,,,,,,,,,,,,,,,,,,,,,,,,,,,,,,,,,,,,
2024-03-06 02:45:32,2024-03-06 02:45:32,2,,100,0,1,2024-03-06 02:45:33,R_3fwoRAw0J1DaWhg,,,,,,,test,,1,2,,,,,,,,,,,,,,,,,,,,,,,,,,,,,,,,,,,,,,,,,,,,,,,,,,,,,,,,,,,
2024-03-06 02:45:33,2024-03-06 02:45:33,2,,100,0,1,2024-03-06 02:45:33,R_4UZTS2Jlx3sQ8vQ,,,,,,,test,,1,2,,,,,,,,,,,,,,,,,,,,,,,,,,,,,,,,,,,,,,,,,,,,,,,,,,,,,,,,,,,
2024-03-06 02:45:33,2024-03-06 02:45:33,2,,100,0,1,2024-03-06 02:45:33,R_6DzcKWPY6HgEMjs,,,,,,,test,,1,3,,,,,,,,,,,,,,,,,,,,,,,,,,,,,,,,,,,,,,,,,,,,,,,,,,,,,,,,,,,
2024-03-06 02:45:34,2024-03-06 02:45:34,2,,100,0,1,2024-03-06 02:45:34,R_1NvUKS8QBxysmLY,,,,,,,test,,1,3,,,,,,,,,,,,,,,,,,,,,,,,,,,,,,,,,,,,,,,,,,,,,,,,,,,,,,,,,,,
2024-03-06 02:45:35,2024-03-06 02:45:35,2,,100,0,1,2024-03-06 02:45:35,R_6YzRbrjM7e8EDPw,,,,,,,test,,1,2,,,,,,,,,,,,,,,,,,,,,,,,,,,,,,,,,,,,,,,,,,,,,,,,,,,,,,,,,,,
2024-03-06 02:45:35,2024-03-06 02:45:35,2,,100,0,1,2024-03-06 02:45:35,R_6Eehv3Srnphey0e,,,,,,,test,,1,4,,,,,,,,,,,,,,,,,,,,,,,,,,,,,,,,,,,,,,,,,,,,,,,,,,,,,,,,,,,
2024-03-06 02:45:35,2024-03-06 02:45:35,2,,100,0,1,2024-03-06 02:45:35,R_1ZkP9LFCqbkAKGO,,,,,,,test,,1,3,,,,,,,,,,,,,,,,,,,,,,,,,,,,,,,,,,,,,,,,,,,,,,,,,,,,,,,,,,,
2024-03-06 02:45:35,2024-03-06 02:45:36,2,,100,1,1,2024-03-06 02:45:36,R_6rOJaGA1KoNpZS6,,,,,,,test,,1,3,,,,,,,,,,,,,,,,,,,,,,,,,,,,,,,,,,,,,,,,,,,,,,,,,,,,,,,,,,,
2024-03-06 02:45:36,2024-03-06 02:45:36,2,,100,0,1,2024-03-06 02:45:36,R_0Vz6TJzwDMhQmwe,,,,,,,test,,1,4,,,,,,,,,,,,,,,,,,,,,,,,,,,,,,,,,,,,,,,,,,,,,,,,,,,,,,,,,,,
2024-03-06 02:45:36,2024-03-06 02:45:36,2,,100,0,1,2024-03-06 02:45:36,R_08skptih1wrq0vQ,,,,,,,test,,1,2,,,,,,,,,,,,,,,,,,,,,,,,,,,,,,,,,,,,,,,,,,,,,,,,,,,,,,,,,,,
2024-03-06 02:45:36,2024-03-06 02:45:36,2,,100,0,1,2024-03-06 02:45:36,R_eKWKWCzm7Fce6lU,,,,,,,test,,1,3,,,,,,,,,,,,,,,,,,,,,,,,,,,,,,,,,,,,,,,,,,,,,,,,,,,,,,,,,,,
2024-03-06 02:45:37,2024-03-06 02:45:37,2,,100,0,1,2024-03-06 02:45:37,R_0iDIJzjrn8XvP2m,,,,,,,test,,1,2,,,,,,,,,,,,,,,,,,,,,,,,,,,,,,,,,,,,,,,,,,,,,,,,,,,,,,,,,,,
2024-03-06 02:45:37,2024-03-06 02:45:37,2,,100,0,1,2024-03-06 02:45:37,R_3eAb5JUbhcFoEQe,,,,,,,test,,1,1,,,,,,,,,,,,,,,,,,,,,,,,,,,,,,,,,,,,,,,,,,,,,,,,,,,,,,,,,,,
2024-03-06 02:45:37,2024-03-06 02:45:37,2,,100,0,1,2024-03-06 02:45:37,R_1LbVRmYHTdw5kHA,,,,,,,test,,1,4,,,,,,,,,,,,,,,,,,,,,,,,,,,,,,,,,,,,,,,,,,,,,,,,,,,,,,,,,,,
2024-03-06 02:45:37,2024-03-06 02:45:38,2,,100,1,1,2024-03-06 02:45:38,R_207m4QuCVM0MUMm,,,,,,,test,,1,2,,,,,,,,,,,,,,,,,,,,,,,,,,,,,,,,,,,,,,,,,,,,,,,,,,,,,,,,,,,
2024-03-06 02:45:38,2024-03-06 02:45:38,2,,100,0,1,2024-03-06 02:45:38,R_cNOsMtAPDj52XpY,,,,,,,test,,1,4,,,,,,,,,,,,,,,,,,,,,,,,,,,,,,,,,,,,,,,,,,,,,,,,,,,,,,,,,,,
2024-03-06 02:45:38,2024-03-06 02:45:38,2,,100,0,1,2024-03-06 02:45:38,R_0ihFje8SnVIzKCy,,,,,,,test,,1,1,,,,,,,,,,,,,,,,,,,,,,,,,,,,,,,,,,,,,,,,,,,,,,,,,,,,,,,,,,,
2024-03-06 02:45:38,2024-03-06 02:45:38,2,,100,0,1,2024-03-06 02:45:38,R_aVj73kp0TJlk6XA,,,,,,,test,,1,3,,,,,,,,,,,,,,,,,,,,,,,,,,,,,,,,,,,,,,,,,,,,,,,,,,,,,,,,,,,
2024-03-06 02:45:39,2024-03-06 02:45:39,2,,100,0,1,2024-03-06 02:45:39,R_7ZKRCYAhbAYhMnc,,,,,,,test,,1,1,,,,,,,,,,,,,,,,,,,,,,,,,,,,,,,,,,,,,,,,,,,,,,,,,,,,,,,,,,,
2024-03-06 02:45:39,2024-03-06 02:45:39,2,,100,0,1,2024-03-06 02:45:39,R_0D3yhmcEpdwgt38,,,,,,,test,,1,4,,,,,,,,,,,,,,,,,,,,,,,,,,,,,,,,,,,,,,,,,,,,,,,,,,,,,,,,,,,
2024-03-06 02:45:39,2024-03-06 02:45:39,2,,100,0,1,2024-03-06 02:45:39,R_5oQSxDIO8Q6xp0q,,,,,,,test,,1,3,,,,,,,,,,,,,,,,,,,,,,,,,,,,,,,,,,,,,,,,,,,,,,,,,,,,,,,,,,,
2024-03-06 02:45:40,2024-03-06 02:45:40,2,,100,0,1,2024-03-06 02:45:40,R_4SMjKjCbsLEj674,,,,,,,test,,1,1,,,,,,,,,,,,,,,,,,,,,,,,,,,,,,,,,,,,,,,,,,,,,,,,,,,,,,,,,,,
2024-03-06 02:45:40,2024-03-06 02:45:40,2,,100,0,1,2024-03-06 02:45:40,R_6PhMMvbu0o0HCBw,,,,,,,test,,1,1,,,,,,,,,,,,,,,,,,,,,,,,,,,,,,,,,,,,,,,,,,,,,,,,,,,,,,,,,,,
2024-03-06 02:45:40,2024-03-06 02:45:40,2,,100,0,1,2024-03-06 02:45:40,R_blQwYlJP98irSuO,,,,,,,test,,1,2,,,,,,,,,,,,,,,,,,,,,,,,,,,,,,,,,,,,,,,,,,,,,,,,,,,,,,,,,,,
2024-03-06 02:45:40,2024-03-06 02:45:40,2,,100,0,1,2024-03-06 02:45:41,R_bHsPEBznczezOrs,,,,,,,test,,1,2,,,,,,,,,,,,,,,,,,,,,,,,,,,,,,,,,,,,,,,,,,,,,,,,,,,,,,,,,,,
2024-03-06 02:45:41,2024-03-06 02:45:41,2,,100,0,1,2024-03-06 02:45:41,R_2tW9K5E7smYwBCe,,,,,,,test,,1,2,,,,,,,,,,,,,,,,,,,,,,,,,,,,,,,,,,,,,,,,,,,,,,,,,,,,,,,,,,,
2024-03-06 02:45:41,2024-03-06 02:45:41,2,,100,0,1,2024-03-06 02:45:41,R_1YrBJ3N17bmLFsy,,,,,,,test,,1,2,,,,,,,,,,,,,,,,,,,,,,,,,,,,,,,,,,,,,,,,,,,,,,,,,,,,,,,,,,,
2024-03-06 02:45:41,2024-03-06 02:45:41,2,,100,0,1,2024-03-06 02:45:41,R_0BxPHAOymSuhmN8,,,,,,,test,,1,2,,,,,,,,,,,,,,,,,,,,,,,,,,,,,,,,,,,,,,,,,,,,,,,,,,,,,,,,,,,
2024-03-06 02:45:42,2024-03-06 02:45:42,2,,100,0,1,2024-03-06 02:45:42,R_6ziXx04IBVTIRhQ,,,,,,,test,,1,1,,,,,,,,,,,,,,,,,,,,,,,,,,,,,,,,,,,,,,,,,,,,,,,,,,,,,,,,,,,
2024-03-06 02:45:42,2024-03-06 02:45:42,2,,100,0,1,2024-03-06 02:45:42,R_0v8S47lhivxRQZU,,,,,,,test,,1,1,,,,,,,,,,,,,,,,,,,,,,,,,,,,,,,,,,,,,,,,,,,,,,,,,,,,,,,,,,,
2024-03-06 02:45:42,2024-03-06 02:45:42,2,,100,0,1,2024-03-06 02:45:42,R_8CE0RWqM1llMzm6,,,,,,,test,,1,1,,,,,,,,,,,,,,,,,,,,,,,,,,,,,,,,,,,,,,,,,,,,,,,,,,,,,,,,,,,
2024-03-06 02:45:42,2024-03-06 02:45:42,2,,100,0,1,2024-03-06 02:45:42,R_e2j7aM7NrCN6p6u,,,,,,,test,,1,4,,,,,,,,,,,,,,,,,,,,,,,,,,,,,,,,,,,,,,,,,,,,,,,,,,,,,,,,,,,
2024-03-06 02:45:43,2024-03-06 02:45:43,2,,100,0,1,2024-03-06 02:45:43,R_2rQYyLUOz9oHmWG,,,,,,,test,,1,1,,,,,,,,,,,,,,,,,,,,,,,,,,,,,,,,,,,,,,,,,,,,,,,,,,,,,,,,,,,
2024-03-06 02:45:43,2024-03-06 02:45:43,2,,100,0,1,2024-03-06 02:45:43,R_d40rbKJ8vp6ON0y,,,,,,,test,,1,2,,,,,,,,,,,,,,,,,,,,,,,,,,,,,,,,,,,,,,,,,,,,,,,,,,,,,,,,,,,
2024-03-06 02:45:43,2024-03-06 02:45:43,2,,100,0,1,2024-03-06 02:45:43,R_3n21FHE3ORoGU3I,,,,,,,test,,1,3,,,,,,,,,,,,,,,,,,,,,,,,,,,,,,,,,,,,,,,,,,,,,,,,,,,,,,,,,,,
2024-03-06 02:45:43,2024-03-06 02:45:43,2,,100,0,1,2024-03-06 02:45:44,R_bm9fC2uGfyzyiii,,,,,,,test,,1,4,,,,,,,,,,,,,,,,,,,,,,,,,,,,,,,,,,,,,,,,,,,,,,,,,,,,,,,,,,,
2024-03-06 02:45:44,2024-03-06 02:45:44,2,,100,0,1,2024-03-06 02:45:44,R_bpzjInGzEfXKhhk,,,,,,,test,,1,2,,,,,,,,,,,,,,,,,,,,,,,,,,,,,,,,,,,,,,,,,,,,,,,,,,,,,,,,,,,
2024-03-06 02:45:44,2024-03-06 02:45:44,2,,100,0,1,2024-03-06 02:45:44,R_6yZfrGYi51yJYDs,,,,,,,test,,1,2,,,,,,,,,,,,,,,,,,,,,,,,,,,,,,,,,,,,,,,,,,,,,,,,,,,,,,,,,,,
2024-03-06 02:45:44,2024-03-06 02:45:44,2,,100,0,1,2024-03-06 02:45:44,R_8wzQ49LOmfpynbM,,,,,,,test,,1,2,,,,,,,,,,,,,,,,,,,,,,,,,,,,,,,,,,,,,,,,,,,,,,,,,,,,,,,,,,,
2024-03-06 02:45:45,2024-03-06 02:45:45,2,,100,0,1,2024-03-06 02:45:45,R_7QaTVZaUC16xGwS,,,,,,,test,,1,3,,,,,,,,,,,,,,,,,,,,,,,,,,,,,,,,,,,,,,,,,,,,,,,,,,,,,,,,,,,
2024-03-06 02:45:45,2024-03-06 02:45:45,2,,100,0,1,2024-03-06 02:45:45,R_bQ2DKhr4pneWQWa,,,,,,,test,,1,4,,,,,,,,,,,,,,,,,,,,,,,,,,,,,,,,,,,,,,,,,,,,,,,,,,,,,,,,,,,
2024-03-06 02:45:45,2024-03-06 02:45:45,2,,100,0,1,2024-03-06 02:45:45,R_80KITNXy5Meuec6,,,,,,,test,,1,1,,,,,,,,,,,,,,,,,,,,,,,,,,,,,,,,,,,,,,,,,,,,,,,,,,,,,,,,,,,
2024-03-06 02:45:46,2024-03-06 02:45:46,2,,100,0,1,2024-03-06 02:45:46,R_emxyvEu59fyl9bM,,,,,,,test,,1,3,,,,,,,,,,,,,,,,,,,,,,,,,,,,,,,,,,,,,,,,,,,,,,,,,,,,,,,,,,,
2024-03-06 02:45:46,2024-03-06 02:45:46,2,,100,0,1,2024-03-06 02:45:46,R_brsM4VEbdiLMqkC,,,,,,,test,,1,3,,,,,,,,,,,,,,,,,,,,,,,,,,,,,,,,,,,,,,,,,,,,,,,,,,,,,,,,,,,
2024-03-06 02:45:46,2024-03-06 02:45:46,2,,100,0,1,2024-03-06 02:45:46,R_5tg2O29U10SVN30,,,,,,,test,,1,3,,,,,,,,,,,,,,,,,,,,,,,,,,,,,,,,,,,,,,,,,,,,,,,,,,,,,,,,,,,
2024-03-06 02:45:46,2024-03-06 02:45:46,2,,100,0,1,2024-03-06 02:45:46,R_b7rEu0kxK9Wocmi,,,,,,,test,,1,3,,,,,,,,,,,,,,,,,,,,,,,,,,,,,,,,,,,,,,,,,,,,,,,,,,,,,,,,,,,
2024-03-06 02:45:47,2024-03-06 02:45:47,2,,100,0,1,2024-03-06 02:45:47,R_afnNIHzLu3CQcQK,,,,,,,test,,1,3,,,,,,,,,,,,,,,,,,,,,,,,,,,,,,,,,,,,,,,,,,,,,,,,,,,,,,,,,,,
2024-03-06 02:45:47,2024-03-06 02:45:47,2,,100,0,1,2024-03-06 02:45:47,R_7NTc2p3HPZnCvoG,,,,,,,test,,1,3,,,,,,,,,,,,,,,,,,,,,,,,,,,,,,,,,,,,,,,,,,,,,,,,,,,,,,,,,,,
2024-03-06 02:45:47,2024-03-06 02:45:47,2,,100,0,1,2024-03-06 02:45:47,R_4Jbn3WBAl7as2BU,,,,,,,test,,1,2,,,,,,,,,,,,,,,,,,,,,,,,,,,,,,,,,,,,,,,,,,,,,,,,,,,,,,,,,,,
2024-03-06 02:45:48,2024-03-06 02:45:48,2,,100,0,1,2024-03-06 02:45:48,R_2lPDOAcoigNqD8a,,,,,,,test,,1,4,,,,,,,,,,,,,,,,,,,,,,,,,,,,,,,,,,,,,,,,,,,,,,,,,,,,,,,,,,,
2024-03-06 02:45:48,2024-03-06 02:45:48,2,,100,0,1,2024-03-06 02:45:48,R_9Zjd9LbuUfEPHQa,,,,,,,test,,1,3,,,,,,,,,,,,,,,,,,,,,,,,,,,,,,,,,,,,,,,,,,,,,,,,,,,,,,,,,,,
2024-03-06 02:45:48,2024-03-06 02:45:48,2,,100,0,1,2024-03-06 02:45:48,R_5p9ejRTwhxevmF8,,,,,,,test,,1,4,,,,,,,,,,,,,,,,,,,,,,,,,,,,,,,,,,,,,,,,,,,,,,,,,,,,,,,,,,,
2024-03-06 02:45:48,2024-03-06 02:45:48,2,,100,0,1,2024-03-06 02:45:48,R_1zRl4NFhuYug3CS,,,,,,,test,,1,1,,,,,,,,,,,,,,,,,,,,,,,,,,,,,,,,,,,,,,,,,,,,,,,,,,,,,,,,,,,
2024-03-06 02:45:49,2024-03-06 02:45:49,2,,100,0,1,2024-03-06 02:45:49,R_578ptZoG3iNkm8u,,,,,,,test,,1,4,,,,,,,,,,,,,,,,,,,,,,,,,,,,,,,,,,,,,,,,,,,,,,,,,,,,,,,,,,,
2024-03-06 02:45:49,2024-03-06 02:45:49,2,,100,0,1,2024-03-06 02:45:49,R_e2oYRiRFh7lowTk,,,,,,,test,,1,3,,,,,,,,,,,,,,,,,,,,,,,,,,,,,,,,,,,,,,,,,,,,,,,,,,,,,,,,,,,
2024-03-06 02:45:49,2024-03-06 02:45:49,2,,100,0,1,2024-03-06 02:45:49,R_eQIG27QfY9YuNCK,,,,,,,test,,1,2,,,,,,,,,,,,,,,,,,,,,,,,,,,,,,,,,,,,,,,,,,,,,,,,,,,,,,,,,,,
2024-03-06 02:45:50,2024-03-06 02:45:50,2,,100,0,1,2024-03-06 02:45:50,R_6LFdZUxa1oORNAy,,,,,,,test,,1,2,,,,,,,,,,,,,,,,,,,,,,,,,,,,,,,,,,,,,,,,,,,,,,,,,,,,,,,,,,,
2024-03-06 02:45:50,2024-03-06 02:45:50,2,,100,0,1,2024-03-06 02:45:50,R_b48IdCsk9fkCwmi,,,,,,,test,,1,2,,,,,,,,,,,,,,,,,,,,,,,,,,,,,,,,,,,,,,,,,,,,,,,,,,,,,,,,,,,
2024-03-06 02:45:50,2024-03-06 02:45:50,2,,100,0,1,2024-03-06 02:45:50,R_6gIIP6bfhenhULI,,,,,,,test,,1,2,,,,,,,,,,,,,,,,,,,,,,,,,,,,,,,,,,,,,,,,,,,,,,,,,,,,,,,,,,,
2024-03-06 02:45:50,2024-03-06 02:45:50,2,,100,0,1,2024-03-06 02:45:50,R_3vXXOMzuprlbObc,,,,,,,test,,1,4,,,,,,,,,,,,,,,,,,,,,,,,,,,,,,,,,,,,,,,,,,,,,,,,,,,,,,,,,,,
2024-03-06 02:45:51,2024-03-06 02:45:51,2,,100,0,1,2024-03-06 02:45:51,R_dgxFNspxQAXfBmS,,,,,,,test,,1,2,,,,,,,,,,,,,,,,,,,,,,,,,,,,,,,,,,,,,,,,,,,,,,,,,,,,,,,,,,,
2024-03-06 02:45:51,2024-03-06 02:45:51,2,,100,0,1,2024-03-06 02:45:51,R_06qeL1MfElfBJoG,,,,,,,test,,1,4,,,,,,,,,,,,,,,,,,,,,,,,,,,,,,,,,,,,,,,,,,,,,,,,,,,,,,,,,,,
2024-03-06 02:45:51,2024-03-06 02:45:51,2,,100,0,1,2024-03-06 02:45:51,R_cVlRO4sxMKYQNYG,,,,,,,test,,1,3,,,,,,,,,,,,,,,,,,,,,,,,,,,,,,,,,,,,,,,,,,,,,,,,,,,,,,,,,,,
2024-03-06 02:45:52,2024-03-06 02:45:52,2,,100,0,1,2024-03-06 02:45:52,R_56f0Mc4LHy2e8Dk,,,,,,,test,,1,3,,,,,,,,,,,,,,,,,,,,,,,,,,,,,,,,,,,,,,,,,,,,,,,,,,,,,,,,,,,
2024-03-06 02:45:52,2024-03-06 02:45:52,2,,100,0,1,2024-03-06 02:45:52,R_0pNds2FQd2yVDL0,,,,,,,test,,1,3,,,,,,,,,,,,,,,,,,,,,,,,,,,,,,,,,,,,,,,,,,,,,,,,,,,,,,,,,,,
2024-03-06 02:45:52,2024-03-06 02:45:52,2,,100,0,1,2024-03-06 02:45:52,R_cwIJeAdEDnjBv82,,,,,,,test,,1,2,,,,,,,,,,,,,,,,,,,,,,,,,,,,,,,,,,,,,,,,,,,,,,,,,,,,,,,,,,,
2024-03-06 02:45:52,2024-03-06 02:45:52,2,,100,0,1,2024-03-06 02:45:52,R_eJNLzsmJhakhlAi,,,,,,,test,,1,2,,,,,,,,,,,,,,,,,,,,,,,,,,,,,,,,,,,,,,,,,,,,,,,,,,,,,,,,,,,
2024-03-06 02:45:53,2024-03-06 02:45:53,2,,100,0,1,2024-03-06 02:45:53,R_9ZEEQFwcFjXCNpA,,,,,,,test,,1,1,,,,,,,,,,,,,,,,,,,,,,,,,,,,,,,,,,,,,,,,,,,,,,,,,,,,,,,,,,,
2024-03-06 02:45:53,2024-03-06 02:45:53,2,,100,0,1,2024-03-06 02:45:53,R_3UXH3zXrp2GCYPs,,,,,,,test,,1,3,,,,,,,,,,,,,,,,,,,,,,,,,,,,,,,,,,,,,,,,,,,,,,,,,,,,,,,,,,,
2024-03-06 02:45:53,2024-03-06 02:45:53,2,,100,0,1,2024-03-06 02:45:53,R_87j9lHqVifJp0tE,,,,,,,test,,1,3,,,,,,,,,,,,,,,,,,,,,,,,,,,,,,,,,,,,,,,,,,,,,,,,,,,,,,,,,,,
2024-03-06 02:45:54,2024-03-06 02:45:54,2,,100,0,1,2024-03-06 02:45:54,R_eai85yFzG6UqTHw,,,,,,,test,,1,2,,,,,,,,,,,,,,,,,,,,,,,,,,,,,,,,,,,,,,,,,,,,,,,,,,,,,,,,,,,
2024-03-06 02:45:54,2024-03-06 02:45:54,2,,100,0,1,2024-03-06 02:45:54,R_25JmtafQrdqXlgW,,,,,,,test,,1,3,,,,,,,,,,,,,,,,,,,,,,,,,,,,,,,,,,,,,,,,,,,,,,,,,,,,,,,,,,,
2024-03-06 02:45:54,2024-03-06 02:45:54,2,,100,0,1,2024-03-06 02:45:54,R_72L8Q4XmoDHPIa2,,,,,,,test,,1,1,,,,,,,,,,,,,,,,,,,,,,,,,,,,,,,,,,,,,,,,,,,,,,,,,,,,,,,,,,,
2024-03-06 02:45:54,2024-03-06 02:45:54,2,,100,0,1,2024-03-06 02:45:55,R_cZOk9CzP7yZUEQe,,,,,,,test,,1,1,,,,,,,,,,,,,,,,,,,,,,,,,,,,,,,,,,,,,,,,,,,,,,,,,,,,,,,,,,,
2024-03-06 02:45:55,2024-03-06 02:45:55,2,,100,0,1,2024-03-06 02:45:55,R_0NdZG8OLAMzFgQm,,,,,,,test,,1,4,,,,,,,,,,,,,,,,,,,,,,,,,,,,,,,,,,,,,,,,,,,,,,,,,,,,,,,,,,,
2024-03-06 02:45:55,2024-03-06 02:45:55,2,,100,0,1,2024-03-06 02:45:55,R_82i1p6jXb0W3hGu,,,,,,,test,,1,3,,,,,,,,,,,,,,,,,,,,,,,,,,,,,,,,,,,,,,,,,,,,,,,,,,,,,,,,,,,
2024-03-06 02:45:55,2024-03-06 02:45:55,2,,100,0,1,2024-03-06 02:45:55,R_eG2Abi1LH4e1uOG,,,,,,,test,,1,4,,,,,,,,,,,,,,,,,,,,,,,,,,,,,,,,,,,,,,,,,,,,,,,,,,,,,,,,,,,
2024-03-06 02:45:56,2024-03-06 02:45:56,2,,100,0,1,2024-03-06 02:45:56,R_dp2ZaY2Avc4dHeK,,,,,,,test,,1,3,,,,,,,,,,,,,,,,,,,,,,,,,,,,,,,,,,,,,,,,,,,,,,,,,,,,,,,,,,,
2024-03-06 02:45:56,2024-03-06 02:45:56,2,,100,0,1,2024-03-06 02:45:56,R_bHEMV12mX9peAgC,,,,,,,test,,1,2,,,,,,,,,,,,,,,,,,,,,,,,,,,,,,,,,,,,,,,,,,,,,,,,,,,,,,,,,,,
2024-03-06 02:45:56,2024-03-06 02:45:56,2,,100,0,1,2024-03-06 02:45:56,R_cBF0Lff6aejtOTQ,,,,,,,test,,1,4,,,,,,,,,,,,,,,,,,,,,,,,,,,,,,,,,,,,,,,,,,,,,,,,,,,,,,,,,,,
2024-03-06 02:45:57,2024-03-06 02:45:57,2,,100,0,1,2024-03-06 02:45:57,R_5cZZTSFk53NTdAO,,,,,,,test,,1,1,,,,,,,,,,,,,,,,,,,,,,,,,,,,,,,,,,,,,,,,,,,,,,,,,,,,,,,,,,,
2024-03-06 02:45:57,2024-03-06 02:45:57,2,,100,0,1,2024-03-06 02:45:57,R_4UiHehbq7IOTXEi,,,,,,,test,,1,4,,,,,,,,,,,,,,,,,,,,,,,,,,,,,,,,,,,,,,,,,,,,,,,,,,,,,,,,,,,
2024-03-06 02:45:57,2024-03-06 02:45:57,2,,100,0,1,2024-03-06 02:45:57,R_5094i7UfwIOvXOC,,,,,,,test,,1,2,,,,,,,,,,,,,,,,,,,,,,,,,,,,,,,,,,,,,,,,,,,,,,,,,,,,,,,,,,,
2024-03-06 02:45:57,2024-03-06 02:45:57,2,,100,0,1,2024-03-06 02:45:58,R_5sxXiOo4kMxqmMu,,,,,,,test,,1,1,,,,,,,,,,,,,,,,,,,,,,,,,,,,,,,,,,,,,,,,,,,,,,,,,,,,,,,,,,,
2024-03-06 02:45:58,2024-03-06 02:45:58,2,,100,0,1,2024-03-06 02:45:58,R_3ZZJlvA9SaO9le6,,,,,,,test,,1,4,,,,,,,,,,,,,,,,,,,,,,,,,,,,,,,,,,,,,,,,,,,,,,,,,,,,,,,,,,,
2024-03-06 02:45:58,2024-03-06 02:45:58,2,,100,0,1,2024-03-06 02:45:58,R_9ubg0Mr8DnJh3FQ,,,,,,,test,,1,3,,,,,,,,,,,,,,,,,,,,,,,,,,,,,,,,,,,,,,,,,,,,,,,,,,,,,,,,,,,
2024-03-06 02:45:58,2024-03-06 02:45:58,2,,100,0,1,2024-03-06 02:45:58,R_bf1z0QSuEf21qE6,,,,,,,test,,1,4,,,,,,,,,,,,,,,,,,,,,,,,,,,,,,,,,,,,,,,,,,,,,,,,,,,,,,,,,,,
2024-03-06 02:45:59,2024-03-06 02:45:59,2,,100,0,1,2024-03-06 02:45:59,R_dbVpoqMntt1VoiO,,,,,,,test,,1,4,,,,,,,,,,,,,,,,,,,,,,,,,,,,,,,,,,,,,,,,,,,,,,,,,,,,,,,,,,,
2024-03-06 02:45:59,2024-03-06 02:45:59,2,,100,0,1,2024-03-06 02:45:59,R_9U23mS9rAmiRN9I,,,,,,,test,,1,4,,,,,,,,,,,,,,,,,,,,,,,,,,,,,,,,,,,,,,,,,,,,,,,,,,,,,,,,,,,
2024-03-06 02:45:59,2024-03-06 02:45:59,2,,100,0,1,2024-03-06 02:45:59,R_bg9J1DSY2JJ7ASW,,,,,,,test,,1,4,,,,,,,,,,,,,,,,,,,,,,,,,,,,,,,,,,,,,,,,,,,,,,,,,,,,,,,,,,,
2024-03-06 02:46:00,2024-03-06 02:46:00,2,,100,0,1,2024-03-06 02:46:00,R_2c9Ng7U8wIIa7hI,,,,,,,test,,1,2,,,,,,,,,,,,,,,,,,,,,,,,,,,,,,,,,,,,,,,,,,,,,,,,,,,,,,,,,,,
2024-03-06 02:46:00,2024-03-06 02:46:00,2,,100,0,1,2024-03-06 02:46:00,R_aeLxyMT6qWPj4ea,,,,,,,test,,1,3,,,,,,,,,,,,,,,,,,,,,,,,,,,,,,,,,,,,,,,,,,,,,,,,,,,,,,,,,,,
2024-03-06 02:46:00,2024-03-06 02:46:00,2,,100,0,1,2024-03-06 02:46:00,R_emQictXtC8sOHuS,,,,,,,test,,1,1,,,,,,,,,,,,,,,,,,,,,,,,,,,,,,,,,,,,,,,,,,,,,,,,,,,,,,,,,,,
2024-03-06 02:46:00,2024-03-06 02:46:00,2,,100,0,1,2024-03-06 02:46:01,R_0CUrmMEYx8TBYZo,,,,,,,test,,1,2,,,,,,,,,,,,,,,,,,,,,,,,,,,,,,,,,,,,,,,,,,,,,,,,,,,,,,,,,,,
2024-03-06 02:46:01,2024-03-06 02:46:01,2,,100,0,1,2024-03-06 02:46:01,R_6XUezp8YgFSoLJQ,,,,,,,test,,1,2,,,,,,,,,,,,,,,,,,,,,,,,,,,,,,,,,,,,,,,,,,,,,,,,,,,,,,,,,,,
2024-03-06 02:46:01,2024-03-06 02:46:01,2,,100,0,1,2024-03-06 02:46:01,R_d0iT5DxU36uvAAC,,,,,,,test,,1,2,,,,,,,,,,,,,,,,,,,,,,,,,,,,,,,,,,,,,,,,,,,,,,,,,,,,,,,,,,,
2024-03-06 02:46:01,2024-03-06 02:46:01,2,,100,0,1,2024-03-06 02:46:01,R_cu39pa8ZPnUvtgq,,,,,,,test,,1,4,,,,,,,,,,,,,,,,,,,,,,,,,,,,,,,,,,,,,,,,,,,,,,,,,,,,,,,,,,,
2024-03-06 02:46:02,2024-03-06 02:46:02,2,,100,0,1,2024-03-06 02:46:02,R_2633691yibKkv66,,,,,,,test,,1,2,,,,,,,,,,,,,,,,,,,,,,,,,,,,,,,,,,,,,,,,,,,,,,,,,,,,,,,,,,,
2024-03-06 02:46:02,2024-03-06 02:46:02,2,,100,0,1,2024-03-06 02:46:02,R_9SqZIoOpVXnGTVI,,,,,,,test,,1,1,,,,,,,,,,,,,,,,,,,,,,,,,,,,,,,,,,,,,,,,,,,,,,,,,,,,,,,,,,,
2024-03-06 02:46:02,2024-03-06 02:46:02,2,,100,0,1,2024-03-06 02:46:02,R_8iUoDpphfVlzRps,,,,,,,test,,1,3,,,,,,,,,,,,,,,,,,,,,,,,,,,,,,,,,,,,,,,,,,,,,,,,,,,,,,,,,,,
2024-03-06 02:46:03,2024-03-06 02:46:03,2,,100,0,1,2024-03-06 02:46:03,R_6KWEkAfNEnWss6i,,,,,,,test,,1,1,,,,,,,,,,,,,,,,,,,,,,,,,,,,,,,,,,,,,,,,,,,,,,,,,,,,,,,,,,,
2024-03-06 02:46:03,2024-03-06 02:46:03,2,,100,0,1,2024-03-06 02:46:03,R_exP2TflZmjfgUCO,,,,,,,test,,1,1,,,,,,,,,,,,,,,,,,,,,,,,,,,,,,,,,,,,,,,,,,,,,,,,,,,,,,,,,,,
2024-03-06 02:46:03,2024-03-06 02:46:03,2,,100,0,1,2024-03-06 02:46:03,R_86MlzH04KGnxdmC,,,,,,,test,,1,3,,,,,,,,,,,,,,,,,,,,,,,,,,,,,,,,,,,,,,,,,,,,,,,,,,,,,,,,,,,
2024-03-06 02:46:03,2024-03-06 02:46:03,2,,100,0,1,2024-03-06 02:46:04,R_50jLt903RpkghvM,,,,,,,test,,1,3,,,,,,,,,,,,,,,,,,,,,,,,,,,,,,,,,,,,,,,,,,,,,,,,,,,,,,,,,,,
2024-03-06 02:46:04,2024-03-06 02:46:04,2,,100,0,1,2024-03-06 02:46:04,R_25clkD6MmZnC4Wq,,,,,,,test,,1,2,,,,,,,,,,,,,,,,,,,,,,,,,,,,,,,,,,,,,,,,,,,,,,,,,,,,,,,,,,,
2024-03-06 02:46:04,2024-03-06 02:46:04,2,,100,0,1,2024-03-06 02:46:04,R_cu3fsHUJ3oX15dQ,,,,,,,test,,1,2,,,,,,,,,,,,,,,,,,,,,,,,,,,,,,,,,,,,,,,,,,,,,,,,,,,,,,,,,,,
2024-03-06 02:46:04,2024-03-06 02:46:04,2,,100,0,1,2024-03-06 02:46:04,R_a2Bnc2I7uKR0gPI,,,,,,,test,,1,3,,,,,,,,,,,,,,,,,,,,,,,,,,,,,,,,,,,,,,,,,,,,,,,,,,,,,,,,,,,
2024-03-06 02:46:05,2024-03-06 02:46:05,2,,100,0,1,2024-03-06 02:46:05,R_8jf4XvLsT1Fb4qy,,,,,,,test,,1,4,,,,,,,,,,,,,,,,,,,,,,,,,,,,,,,,,,,,,,,,,,,,,,,,,,,,,,,,,,,
2024-03-06 02:46:05,2024-03-06 02:46:05,2,,100,0,1,2024-03-06 02:46:05,R_3WZoivuqvwSgHt4,,,,,,,test,,1,3,,,,,,,,,,,,,,,,,,,,,,,,,,,,,,,,,,,,,,,,,,,,,,,,,,,,,,,,,,,
2024-03-06 02:46:05,2024-03-06 02:46:05,2,,100,0,1,2024-03-06 02:46:05,R_esOUV4g4JZGo3nU,,,,,,,test,,1,2,,,,,,,,,,,,,,,,,,,,,,,,,,,,,,,,,,,,,,,,,,,,,,,,,,,,,,,,,,,
2024-03-06 02:46:05,2024-03-06 02:46:06,2,,100,1,1,2024-03-06 02:46:06,R_4ON5CtELaXsXToy,,,,,,,test,,1,1,,,,,,,,,,,,,,,,,,,,,,,,,,,,,,,,,,,,,,,,,,,,,,,,,,,,,,,,,,,
2024-03-06 02:46:06,2024-03-06 02:46:06,2,,100,0,1,2024-03-06 02:46:06,R_4ZsZ4N8xGWd82sS,,,,,,,test,,1,2,,,,,,,,,,,,,,,,,,,,,,,,,,,,,,,,,,,,,,,,,,,,,,,,,,,,,,,,,,,
2024-03-06 02:46:06,2024-03-06 02:46:06,2,,100,0,1,2024-03-06 02:46:06,R_3K8PaPDEf4QZeey,,,,,,,test,,1,1,,,,,,,,,,,,,,,,,,,,,,,,,,,,,,,,,,,,,,,,,,,,,,,,,,,,,,,,,,,
2024-03-06 02:46:06,2024-03-06 02:46:06,2,,100,0,1,2024-03-06 02:46:06,R_4OXleXEJezs7dVI,,,,,,,test,,1,1,,,,,,,,,,,,,,,,,,,,,,,,,,,,,,,,,,,,,,,,,,,,,,,,,,,,,,,,,,,
2024-03-06 02:46:07,2024-03-06 02:46:07,2,,100,0,1,2024-03-06 02:46:07,R_9zwx3TrF8mSYaZE,,,,,,,test,,1,1,,,,,,,,,,,,,,,,,,,,,,,,,,,,,,,,,,,,,,,,,,,,,,,,,,,,,,,,,,,
